category,pub_year,source,title_t1_count,title_t2_count,title_t3_count,abstract_t1_count,abstract_t2_count,abstract_t3_count,total_t1_count,total_t2_count,total_t3_count,total_papers,title_t1_pct,title_t2_pct,title_t3_pct,abstract_t1_pct,abstract_t2_pct,abstract_t3_pct,total_t1_pct,total_t2_pct,total_t3_pct
Business & Management,2010,OpenAlex,145,106,983,1383,490,5059,1399,511,5200,17166,0.8446929977863218,0.6174997087265525,5.726435978096236,8.056623558196435,2.8544797856227424,29.47104741931725,8.149831061400443,2.976814633578003,30.292438541302573
Business & Management,2010,PubMed,3,3,15,16,10,72,16,11,74,245,1.2244897959183674,1.2244897959183674,6.122448979591836,6.530612244897959,4.081632653061225,29.38775510204082,6.530612244897959,4.489795918367347,30.20408163265306
Business & Management,2011,OpenAlex,158,93,1062,1485,448,5564,1517,468,5709,19180,0.8237747653806048,0.4848800834202294,5.537017726798749,7.742440041710115,2.335766423357664,29.009384775808133,7.909280500521376,2.440041710114703,29.765380604796665
Business & Management,2011,PubMed,0,4,14,12,10,74,12,12,75,250,0.0,1.6,5.6000000000000005,4.8,4.0,29.599999999999998,4.8,4.8,30.0
Business & Management,2012,OpenAlex,170,124,1148,1568,550,6283,1590,572,6422,21041,0.8079463903806853,0.5893256023953234,5.45601444798251,7.4521172948053795,2.6139442041728054,29.860748063304975,7.5566750629722925,2.7185019723397175,30.52136305308683
Business & Management,2012,PubMed,6,1,14,24,11,74,25,12,76,224,2.6785714285714284,0.4464285714285714,6.25,10.714285714285714,4.910714285714286,33.035714285714285,11.160714285714286,5.357142857142857,33.92857142857143
Business & Management,2013,OpenAlex,188,141,1352,1756,613,7018,1787,639,7201,23671,0.7942207764775463,0.5956655823581598,5.711630264881078,7.418360018588145,2.589666680748595,29.648092602762876,7.5493219551349755,2.6995057243040006,30.421190486248996
Business & Management,2013,PubMed,0,0,24,16,8,96,16,8,99,300,0.0,0.0,8.0,5.333333333333334,2.666666666666667,32.0,5.333333333333334,2.666666666666667,33.0
Business & Management,2014,OpenAlex,218,136,1494,1997,677,8009,2025,703,8218,26271,0.8298123406037075,0.5176810932206616,5.686879068174032,7.6015378173651555,2.5769860302234404,30.486087320619692,7.7081192189105865,2.6759544745156254,31.2816413535838
Business & Management,2014,PubMed,4,1,15,26,10,84,26,11,87,299,1.3377926421404682,0.33444816053511706,5.016722408026756,8.695652173913043,3.3444816053511706,28.093645484949832,8.695652173913043,3.678929765886288,29.09698996655518
Business & Management,2015,OpenAlex,195,157,1363,1807,700,7188,1846,728,7388,24797,0.7863854498528047,0.6331411057789249,5.496632657176272,7.287171835302658,2.822922127676735,28.987377505343385,7.444448925273218,2.9358390127838043,29.7939266846796
Business & Management,2015,PubMed,8,0,24,23,12,102,27,12,107,358,2.2346368715083798,0.0,6.70391061452514,6.424581005586592,3.35195530726257,28.49162011173184,7.5418994413407825,3.35195530726257,29.88826815642458
Business & Management,2016,OpenAlex,238,175,1624,2149,758,8772,2174,787,9006,29101,0.8178413112951446,0.6013539053640768,5.5805642417786325,7.384625957870863,2.604721487234116,30.143294044878182,7.4705336586371605,2.7043744201230195,30.94739012405072
Business & Management,2016,PubMed,1,4,22,22,16,122,22,16,126,390,0.2564102564102564,1.0256410256410255,5.641025641025641,5.641025641025641,4.102564102564102,31.28205128205128,5.641025641025641,4.102564102564102,32.30769230769231
Business & Management,2017,OpenAlex,298,230,2067,2651,1040,11503,2696,1085,11746,37105,0.8031262633068319,0.6198625522166824,5.570677806225576,7.144589677940978,2.8028567578493466,31.001212774558685,7.2658671338094605,2.924134213717828,31.656111036248486
Business & Management,2017,PubMed,1,2,17,24,14,108,24,14,112,401,0.24937655860349126,0.4987531172069825,4.239401496259352,5.985037406483791,3.4912718204488775,26.932668329177055,5.985037406483791,3.4912718204488775,27.93017456359102
Business & Management,2018,OpenAlex,435,356,3259,3943,1549,16759,4012,1602,17103,53150,0.8184383819379116,0.669802445907808,6.13170272812794,7.41862652869238,2.914393226716839,31.53151458137347,7.5484477892756345,3.0141110065851366,32.17873941674506
Business & Management,2018,PubMed,1,4,21,27,11,131,27,13,136,471,0.21231422505307856,0.8492569002123143,4.45859872611465,5.7324840764331215,2.335456475583864,27.81316348195329,5.7324840764331215,2.7600849256900215,28.874734607218684
Business & Management,2019,OpenAlex,514,338,3554,4271,1541,18030,4350,1582,18454,56385,0.9115899618692915,0.5994502083887558,6.303094794714907,7.57470958588277,2.7329963642812807,31.976589518488964,7.714817770683692,2.8057107386716327,32.7285625609648
Business & Management,2019,PubMed,6,0,13,15,4,78,16,4,81,293,2.04778156996587,0.0,4.436860068259386,5.1194539249146755,1.3651877133105803,26.621160409556317,5.460750853242321,1.3651877133105803,27.64505119453925
Business & Management,2020,OpenAlex,538,359,4156,5077,1803,20878,5171,1866,21341,63854,0.8425470604817239,0.5622200645221912,6.5085977385911615,7.950950606070098,2.8236289034359636,32.69646380806214,8.09816143076393,2.9222914774328936,33.42155542330942
Business & Management,2020,PubMed,11,5,43,40,23,246,41,24,250,827,1.3301088270858523,0.6045949214026602,5.199516324062878,4.836759371221282,2.781136638452237,29.746070133010882,4.957678355501813,2.902055622732769,30.22974607013301
Business & Management,2021,OpenAlex,373,285,3173,3634,1450,16036,3692,1496,16349,48674,0.7663228828532687,0.5855282080782348,6.518880716604347,7.465998274232651,2.9790031639068086,32.94572050786868,7.585158400788922,3.0735094711755764,33.58877429428443
Business & Management,2021,PubMed,8,12,74,71,35,336,74,37,350,1240,0.6451612903225806,0.967741935483871,5.967741935483871,5.725806451612903,2.82258064516129,27.09677419354839,5.967741935483871,2.9838709677419355,28.225806451612907
Business & Management,2022,OpenAlex,672,434,5084,5651,2221,24233,5747,2281,24736,71888,0.9347874471399956,0.6037168929445805,7.072112174493657,7.860839083018028,3.089528154907634,33.70938125973737,7.99438014689517,3.1729913198308477,34.409080792343644
Business & Management,2022,PubMed,4,7,106,71,36,461,73,38,476,1497,0.26720106880427524,0.46760187040748163,7.080828323313293,4.742818971275885,2.404809619238477,30.794923179692717,4.876419505678023,2.5384101536406143,31.79692718770875
Business & Management,2023,OpenAlex,1012,582,7289,7327,3006,33700,7448,3098,34432,91190,1.1097708082026538,0.6382278758635815,7.9932010088825525,8.03487224476368,3.296414080491282,36.955806557736594,8.167562232700954,3.3973023357824323,37.75852615418358
Business & Management,2023,PubMed,5,3,65,65,39,350,66,40,358,1081,0.46253469010175763,0.27752081406105455,6.01295097132285,6.01295097132285,3.6077705827937097,32.37742830712303,6.105457909343201,3.700277520814061,33.117483811285844
Business & Management,2024,OpenAlex,866,455,8006,5853,2729,35113,5962,2807,35879,86288,1.0036157982569998,0.5273039124791397,9.278231040237344,6.783098460967922,3.1626645651770815,40.692796217318744,6.909419618023363,3.2530595216020766,41.58052104580011
Business & Management,2024,PubMed,3,9,27,22,17,114,22,21,121,409,0.7334963325183375,2.2004889975550124,6.601466992665037,5.378973105134474,4.156479217603912,27.87286063569682,5.378973105134474,5.134474327628362,29.584352078239608
Business & Management,2025,OpenAlex,618,352,6180,3917,2036,28941,3985,2107,29437,62361,0.9910039928801654,0.5644553486954987,9.910039928801655,6.281169320568945,3.2648610509773737,46.40881320055804,6.390211831112394,3.3787142605153866,47.20418210099261
Business & Management,2025,PubMed,7,2,18,23,7,87,23,7,88,268,2.6119402985074625,0.7462686567164178,6.7164179104477615,8.582089552238806,2.6119402985074625,32.46268656716418,8.582089552238806,2.6119402985074625,32.83582089552239
Computer Science & Mathematics,2010,OpenAlex,127,21,676,1337,121,3190,1373,124,3275,15581,0.8150953083884218,0.13477953918233748,4.338617547012387,8.580963994608819,0.7765868686220397,20.4736538091265,8.812014633207111,0.7958410885052306,21.01919003915025
Computer Science & Mathematics,2010,PubMed,15,4,141,281,29,824,285,30,837,3717,0.40355125100887806,0.10761366693570083,3.7933817594834545,7.559860102232983,0.7801990852838311,22.168415388754372,7.667473769168684,0.8071025020177561,22.518159806295397
Computer Science & Mathematics,2011,OpenAlex,120,12,629,1325,107,3065,1359,109,3141,15194,0.7897854416216928,0.07897854416216928,4.13979202316704,8.720547584572858,0.7042253521126761,20.172436488087403,8.944320126365671,0.7173884428063709,20.67263393444781
Computer Science & Mathematics,2011,PubMed,22,10,181,368,52,1096,375,57,1110,4627,0.4754700669980549,0.2161227577263886,3.911821914847633,7.9533174843311,1.1238383401772207,23.68705424681219,8.104603414739572,1.2318997190404148,23.98962610762913
Computer Science & Mathematics,2012,OpenAlex,142,30,896,1694,191,4128,1732,200,4223,19288,0.7362090418913314,0.1555371215263376,4.645375362919951,8.782662795520531,0.9902530070510162,21.40190792202406,8.979676482787227,1.0369141435089175,21.894442140190794
Computer Science & Mathematics,2012,PubMed,28,5,191,384,30,1013,390,30,1033,4435,0.6313416009019166,0.11273957158962795,4.306651634723789,8.658399098083427,0.6764374295377678,22.841037204058626,8.793686583990981,0.6764374295377678,23.291995490417136
Computer Science & Mathematics,2013,OpenAlex,178,33,1202,1899,216,5418,1931,218,5536,24501,0.7265009591445247,0.13468838006611977,4.905922207256847,7.7507040528958004,0.8815966695236929,22.113383127219297,7.88131096689931,0.8897596016489123,22.59499612260724
Computer Science & Mathematics,2013,PubMed,20,11,194,343,59,1109,348,61,1134,4551,0.43946385409800043,0.24170511975390024,4.262799384750604,7.536805097780707,1.2964183695891012,24.368270709734123,7.646671061305208,1.3403647549989013,24.917600527356626
Computer Science & Mathematics,2014,OpenAlex,187,41,1206,2046,219,5434,2092,223,5571,24722,0.7564112935846614,0.16584418736348192,4.878246096594126,8.276029447455707,0.8858506593317692,21.980422295930747,8.462098535717175,0.9020305800501578,22.534584580535554
Computer Science & Mathematics,2014,PubMed,27,8,221,412,61,1278,420,63,1308,5180,0.5212355212355213,0.15444015444015444,4.2664092664092665,7.953667953667953,1.1776061776061777,24.67181467181467,8.108108108108109,1.2162162162162162,25.25096525096525
Computer Science & Mathematics,2015,OpenAlex,182,30,1085,1673,190,4903,1713,197,5029,22097,0.8236412182649228,0.13576503597773454,4.910168801194732,7.571163506358329,0.8598452278589854,22.18853237996108,7.752183554328641,0.89152373625379,22.758745531067564
Computer Science & Mathematics,2015,PubMed,38,23,254,464,77,1610,474,82,1631,6387,0.5949585094723657,0.3601064662595898,3.9768279317363397,7.264756536715203,1.2055738218255831,25.207452638171286,7.42132456552372,1.2838578362298418,25.536245498669174
Computer Science & Mathematics,2016,OpenAlex,243,20,1140,1982,181,5642,2053,184,5755,25410,0.9563164108618655,0.07870916961826052,4.4864226682408495,7.800078709169618,0.7123179850452578,22.203856749311296,8.079496261314443,0.7241243604879969,22.648563557654466
Computer Science & Mathematics,2016,PubMed,20,8,214,276,60,1192,278,60,1219,4506,0.4438526409232135,0.17754105636928538,4.749223257878384,6.125166444740346,1.3315579227696404,26.45361739902353,6.1695517088326675,1.3315579227696404,27.052818464269862
Computer Science & Mathematics,2017,OpenAlex,217,43,1531,2250,252,6735,2300,261,6917,28592,0.758953553441522,0.15039171796306658,5.354644655847789,7.869334079462787,0.8813654168998322,23.55554001119194,8.044208170117516,0.9128427532176832,24.19208170117515
Computer Science & Mathematics,2017,PubMed,13,10,180,230,53,949,234,54,962,3863,0.3365260160497023,0.2588661661920787,4.659590991457416,5.95392182241781,1.3719906808180171,24.566399171628266,6.057468288894642,1.3978772974372249,24.902925187677972
Computer Science & Mathematics,2018,OpenAlex,287,78,1874,3022,387,8716,3099,406,8970,37085,0.7738978023459621,0.21032762572468652,5.0532560334367,8.148847242820548,1.0435486045570985,23.502763920722664,8.356478360523123,1.0947822569772145,24.18767695833895
Computer Science & Mathematics,2018,PubMed,37,18,234,295,77,1302,306,82,1336,5575,0.6636771300448431,0.3228699551569507,4.197309417040359,5.291479820627803,1.3811659192825112,23.3542600896861,5.488789237668161,1.4708520179372198,23.964125560538115
Computer Science & Mathematics,2019,OpenAlex,316,45,2037,3085,385,9457,3173,395,9666,39640,0.7971745711402624,0.11352169525731584,5.1387487386478305,7.782542885973765,0.9712411705348133,23.857214934409686,8.004540867810292,0.996468213925328,24.384460141271443
Computer Science & Mathematics,2019,PubMed,25,16,258,315,84,1476,319,85,1515,5593,0.44698730556052213,0.28607187555873415,4.612908993384588,5.632040050062578,1.5018773466833542,26.390130520293226,5.703558018952261,1.5197568389057752,27.087430716967635
Computer Science & Mathematics,2020,OpenAlex,363,68,2326,3600,494,10839,3688,503,11105,43789,0.8289753134348808,0.1552901413597022,5.311836305921578,8.221242777866587,1.1281372034072483,24.75279179702665,8.422206490214437,1.1486903103519148,25.360250291169017
Computer Science & Mathematics,2020,PubMed,26,18,309,342,107,1802,349,113,1842,6579,0.3951968384252926,0.27359781121751026,4.696762425900593,5.198358413132695,1.6263869889040887,27.39018087855297,5.304757561939504,1.7175862593099254,27.998176014591884
Computer Science & Mathematics,2021,OpenAlex,281,63,2146,2971,479,9883,3047,486,10095,37707,0.7452197204763041,0.16707773092529238,5.69125096135996,7.879173628238789,1.270321160527223,26.20998753547087,8.08072771633914,1.2888853528522557,26.77221736017185
Computer Science & Mathematics,2021,PubMed,22,17,453,411,131,2320,418,135,2372,7428,0.2961766289714593,0.22886375875067314,6.098546042003231,5.533117932148627,1.7635971997845987,31.233171782444803,5.627355950457727,1.817447495961228,31.93322563274098
Computer Science & Mathematics,2022,OpenAlex,403,111,3638,4437,783,16561,4525,817,16904,56075,0.7186803388319216,0.19794917521176997,6.4877396344181895,7.912617030762371,1.3963441818992421,29.533660276415514,8.069549710209541,1.456977262594739,30.145341061078913
Computer Science & Mathematics,2022,PubMed,38,21,492,441,159,2689,447,162,2754,8247,0.4607736146477507,0.25463805020007274,5.965805747544561,5.347399054201528,1.9279738086576939,32.605796047047406,5.42015278283012,1.9643506729719897,33.39396144052383
Computer Science & Mathematics,2023,OpenAlex,484,143,4639,4653,1045,20796,4770,1070,21265,63385,0.7635875995898083,0.22560542715153428,7.31876626962215,7.340853514238385,1.6486550445689043,32.80902421708606,7.525439772816912,1.6880965528121794,33.54894691172991
Computer Science & Mathematics,2023,PubMed,24,25,510,429,175,2878,438,185,2952,8586,0.2795248078266946,0.2911716748194736,5.93990216631726,4.996505939902166,2.038201723736315,33.519683205217795,5.101327742837177,2.1546703936641043,34.38155136268344
Computer Science & Mathematics,2024,OpenAlex,379,123,4179,3659,959,18373,3743,979,18732,54491,0.6955277018223193,0.225725349140225,7.669156374447156,6.714870345561652,1.759923657117689,33.71749463214109,6.869024242535464,1.7966269659209777,34.376319025160115
Computer Science & Mathematics,2024,PubMed,26,27,552,428,186,3378,436,190,3433,9674,0.26876162910895185,0.2790986148439115,5.706016125697746,4.424229894562746,1.9226793467025014,34.918337812693814,4.506925780442423,1.9640272896423405,35.4868720281166
Computer Science & Mathematics,2025,OpenAlex,224,102,2992,2290,743,13931,2338,760,14203,36878,0.6074082108574218,0.27658766744400454,8.113238245024133,6.209664298497749,2.0147513422636805,37.775909756494386,6.339823200824339,2.060849286837681,38.5134768696784
Computer Science & Mathematics,2025,PubMed,25,22,502,314,172,3355,321,175,3407,8676,0.2881512217611803,0.2535730751498386,5.7860765329645,3.6191793453204246,1.98248040571692,38.66989396035039,3.699861687413555,2.017058552328262,39.269248501613646
Engineering & Technology,2010,OpenAlex,208,80,3180,3053,598,19360,3118,614,19749,69473,0.2993968879996545,0.11515264923063635,4.5773178069177956,4.39451297626416,0.8607660529990069,27.866941113813997,4.488074503764052,0.8837965828451341,28.426870870697968
Engineering & Technology,2010,PubMed,21,13,349,332,79,2601,335,83,2650,11060,0.18987341772151897,0.11754068716094034,3.155515370705244,3.0018083182640143,0.7142857142857143,23.517179023508135,3.0289330922242312,0.7504520795660036,23.960216998191683
Engineering & Technology,2011,OpenAlex,198,98,3431,3217,729,20987,3258,748,21428,75449,0.26242892549934393,0.1298890641360389,4.547442643374995,4.2638073400575225,0.9662155893384936,27.816140704316823,4.318148683216477,0.9913981629975215,28.400641492928997
Engineering & Technology,2011,PubMed,38,24,518,537,139,3975,549,140,4054,16976,0.22384542884071632,0.1413760603204524,3.0513666352497646,3.1632893496701224,0.8188030160226201,23.41540999057493,3.233977379830349,0.824693685202639,23.880772855796415
Engineering & Technology,2012,OpenAlex,262,120,3919,3714,808,24764,3784,827,25272,88937,0.29459055286326274,0.13492697077706692,4.4064899872943775,4.175989745550221,0.9085082698989172,27.844429202694045,4.2546971451701765,0.9298717069386194,28.415620045650293
Engineering & Technology,2012,PubMed,42,39,566,557,133,4368,569,144,4460,18342,0.22898266274124962,0.21262675825973174,3.0858139788463634,3.0367462654018103,0.7251117653472904,23.81419692508996,3.1021698833278815,0.7850834151128557,24.315777995856504
Engineering & Technology,2013,OpenAlex,295,179,5287,4315,948,31496,4385,982,32150,109714,0.2688809085440327,0.16315146654027746,4.818892757533223,3.9329529503983087,0.8640647501686203,28.7073664254334,3.9967551998833333,0.8950544142042037,29.30346172776492
Engineering & Technology,2013,PubMed,58,42,764,711,201,5935,727,208,6049,24987,0.232120702765438,0.16808740545083445,3.0575899467723215,2.845479649417697,0.8044182975147076,23.75235122263577,2.909512946732301,0.8324328650898468,24.208588466002322
Engineering & Technology,2014,OpenAlex,336,168,6371,5186,1072,36332,5261,1105,37073,124299,0.2703159317452272,0.1351579658726136,5.125544051038222,4.172197684615322,0.8624365441395345,29.229519143355944,4.232536062237025,0.8889854302930835,29.82566231425836
Engineering & Technology,2014,PubMed,52,22,823,685,180,6640,705,184,6764,26364,0.19723865877712032,0.0834471248672432,3.121681080260962,2.5982400242755275,0.6827492034592627,25.185859505386134,2.674101046882112,0.6979214079805796,25.656197845546956
Engineering & Technology,2015,OpenAlex,308,144,5428,4494,1010,31311,4568,1045,31962,104309,0.295276534143746,0.13805136661266046,5.203769569260562,4.3083530663701115,0.9682769463804657,30.01754402784036,4.379296129768285,1.0018310979877094,30.641651247735098
Engineering & Technology,2015,PubMed,47,35,938,749,224,7595,761,231,7755,29092,0.16155644163343874,0.1203079884504331,3.2242540904716073,2.5745909528392685,0.769971126082772,26.106833493743984,2.6158394060222743,0.7940327237728586,26.656812869517392
Engineering & Technology,2016,OpenAlex,340,183,6288,5144,1275,36360,5216,1307,37065,115453,0.2944921309970291,0.1585060587425186,5.446372116792115,4.455492711319757,1.104345491238859,31.493334950152875,4.517855750825011,1.1320623976856383,32.10397304530848
Engineering & Technology,2016,PubMed,70,44,1153,896,244,8677,923,259,8859,32550,0.21505376344086022,0.13517665130568357,3.542242703533026,2.752688172043011,0.7496159754224271,26.657450076804917,2.835637480798771,0.7956989247311829,27.21658986175115
Engineering & Technology,2017,OpenAlex,395,175,7364,5697,1329,41835,5788,1362,42686,131657,0.30002202693362295,0.13292115117312409,5.593322041365062,4.327153132761645,1.0094411994804682,31.775750624729408,4.396272131371671,1.034506330844543,32.42212719414843
Engineering & Technology,2017,PubMed,50,47,1313,835,255,8540,853,267,8799,33367,0.1498486528606108,0.14085773368897414,3.935025624119639,2.5024725027722,0.764228129589115,25.59414990859232,2.5564180178020197,0.8001918062756617,26.370365930410284
Engineering & Technology,2018,OpenAlex,580,265,10589,7699,1937,59529,7824,1999,60784,179873,0.322449728419496,0.14732616901925247,5.886931334886281,4.280242170864999,1.0768709033595927,33.095017039800304,4.349735646817477,1.1113396674320215,33.79273153836318
Engineering & Technology,2018,PubMed,83,38,1662,989,402,10769,1011,410,11073,39221,0.21162132531042044,0.0968868718288672,4.237525815252034,2.521608322072359,1.0249611177685425,27.4572295453966,2.5777007215522296,1.0453583539430407,28.232324520027536
Engineering & Technology,2019,OpenAlex,632,257,12563,8743,2386,70315,8879,2440,71828,206811,0.3055930293843171,0.1242680515059644,6.0746285255619865,4.2275314175745,1.1537103925806655,33.999642185376985,4.29329194288505,1.1798211893951482,34.731228029456844
Engineering & Technology,2019,PubMed,74,67,1902,1120,458,12765,1136,476,13159,45179,0.16379291263640186,0.14829898846809358,4.209920538303194,2.4790278669293255,1.0137453241550278,28.25427742977932,2.5144425507426016,1.0535868434449633,29.126364018681244
Engineering & Technology,2020,OpenAlex,685,339,13742,9489,2773,77655,9636,2844,79084,218709,0.3132015600638291,0.15500048008998257,6.283234800579766,4.338641756854999,1.2678947825649607,35.506083425922114,4.405854354416142,1.300358009958438,36.1594630307852
Engineering & Technology,2020,PubMed,85,82,2514,1313,569,15864,1338,593,16315,54082,0.15716874375947637,0.15162161162678894,4.648496727192041,2.4277948300728522,1.052106061166377,29.333234717650974,2.474020931178581,1.096483118227876,30.167153581598317
Engineering & Technology,2021,OpenAlex,516,339,11130,7543,2365,62926,7646,2428,64143,172550,0.29904375543320777,0.19646479281367718,6.450304259634889,4.37148652564474,1.3706172124022022,36.46827006664735,4.431179368299044,1.407128368588815,37.17357287742683
Engineering & Technology,2021,PubMed,115,121,3155,1528,731,18823,1568,781,19467,61066,0.18832083319686896,0.19814626797235776,5.166541119444536,2.502210722824485,1.197065470147054,30.824026463170995,2.567713621327744,1.2789440932761276,31.878623129073464
Engineering & Technology,2022,OpenAlex,793,451,16934,10402,3638,94916,10561,3715,96660,247623,0.3202448883988967,0.18213170828234856,6.838621614308849,4.200740642024368,1.4691688574970823,38.33084971912948,4.264951155587324,1.5002645150087028,39.035146169782294
Engineering & Technology,2022,PubMed,105,131,3406,1705,721,20061,1733,765,20652,62173,0.16888359898991523,0.21070239493027518,5.478262268187155,2.7423479645505284,1.1596673797307513,32.26641789844466,2.7873835909478393,1.2304376497836682,33.216991298473616
Engineering & Technology,2023,OpenAlex,1026,501,19742,11496,4392,112047,11717,4495,113983,278029,0.36902625265709693,0.18019702980624325,7.100698128612483,4.1348204683684076,1.5796913271637132,40.30047225289448,4.214308579320862,1.6167378223134996,40.99680249182639
Engineering & Technology,2023,PubMed,116,120,3311,1487,734,19999,1513,792,20621,59321,0.1955462652349084,0.20228923989818107,5.58149727752398,2.5067008310716274,1.237335850710541,33.71318757269769,2.5505301663829,1.3351089833279952,34.7617201328366
Engineering & Technology,2024,OpenAlex,692,400,17482,8119,4029,96605,8258,4120,98394,229580,0.30141998431919154,0.17423120480878126,7.614774806167785,3.5364578796062376,1.7549438104364494,42.07901385138078,3.597003223277289,1.794581409530447,42.85826291488806
Engineering & Technology,2024,PubMed,98,157,3429,1172,758,20984,1203,817,21611,59800,0.16387959866220736,0.2625418060200669,5.734113712374582,1.959866220735786,1.2675585284280937,35.09030100334448,2.0117056856187294,1.366220735785953,36.13879598662207
Engineering & Technology,2025,OpenAlex,456,280,12976,4883,2776,70947,4976,2851,72085,148826,0.306398075605069,0.18813916923118273,8.718906642656526,3.2810127262709474,1.8652654778062974,47.671105855159716,3.343501807479876,1.9156598981360784,48.4357571929636
Engineering & Technology,2025,PubMed,66,125,3375,766,664,19821,784,720,20497,50806,0.1299059166240208,0.24603393300003934,6.642916191001063,1.5076959414242412,1.306932252096209,39.01310868795024,1.5431248277762468,1.4171554540802267,40.343660197614454
Life & Earth Sciences,2010,OpenAlex,57,107,989,1291,622,6234,1305,634,6371,23727,0.2402326463522569,0.45096303788932435,4.168247144603194,5.441058709487082,2.6214860707211196,26.273865216841575,5.500063219117461,2.6720613646900158,26.851266489653135
Life & Earth Sciences,2010,PubMed,106,191,1913,1543,1017,11706,1576,1057,12031,42448,0.2497173011684885,0.44996230682246513,4.506690539012439,3.635035808518658,2.395872597059932,27.577271013946476,3.7127779871843196,2.4901055408970976,28.342913682623443
Life & Earth Sciences,2011,OpenAlex,57,130,1030,1283,615,6502,1296,644,6646,24729,0.23049860487686522,0.5256985725261838,4.165150228476687,5.188240527316106,2.4869586315661776,26.293016296655747,5.240810384568725,2.604229851591249,26.87532856160783
Life & Earth Sciences,2011,PubMed,127,270,2613,2075,1289,15964,2125,1345,16349,57602,0.22047845560918022,0.4687337245234541,4.536300822888093,3.602305475504323,2.237769521891601,27.714315475157115,3.68910801708274,2.3349883684594284,28.38269504531093
Life & Earth Sciences,2012,OpenAlex,73,136,1216,1542,749,7774,1560,780,7959,29674,0.24600660510884947,0.4583136752712813,4.0978634494843975,5.1964682887376155,2.5240951674866885,26.19801846734515,5.257127451641167,2.6285637258205834,26.82145986385388
Life & Earth Sciences,2012,PubMed,144,251,2810,2259,1364,17482,2307,1420,17907,62152,0.2316900501995109,0.40384862916720304,4.521173896254345,3.634637662504827,2.1946196421675888,28.127815677693395,3.711867679237997,2.284721328356288,28.81162311751834
Life & Earth Sciences,2013,OpenAlex,102,155,1627,1852,848,9545,1889,895,9781,38224,0.2668480535789033,0.40550439514441194,4.256488070322311,4.845123482628715,2.218501465048137,24.971222268731687,4.941921305985768,2.341460862285475,25.588635412306402
Life & Earth Sciences,2013,PubMed,138,343,3037,2444,1630,18823,2491,1698,19252,66951,0.2061208943854461,0.5123149766246957,4.536153306149273,3.650430912159639,2.4346163612193994,28.11459126824095,3.7206315066242475,2.5361831787426627,28.755358396439185
Life & Earth Sciences,2014,OpenAlex,122,186,1714,1979,963,10387,2006,994,10617,42936,0.28414384199739146,0.43320290665176076,3.991988075274828,4.609185764859325,2.242873113471213,24.191820383827093,4.672070057760388,2.315073597913173,24.727501397428732
Life & Earth Sciences,2014,PubMed,156,345,3217,2459,1653,19918,2516,1735,20403,69315,0.22505951092837045,0.49772776455312706,4.641131068311332,3.547572675467071,2.3847652023371566,28.735482940200534,3.629805958306283,2.5030657144918127,29.435187188920146
Life & Earth Sciences,2015,OpenAlex,106,149,1571,1667,825,9706,1691,858,9940,35209,0.30105938822460165,0.4231872532591099,4.461927348121219,4.734584907268028,2.3431508989178904,27.566815302905507,4.80274929705473,2.436876934874606,28.231418103325858
Life & Earth Sciences,2015,PubMed,143,364,3512,2565,1753,21515,2627,1822,22107,72831,0.1963449629965262,0.49978717853661214,4.8221224478587414,3.5218519586439836,2.4069420988315415,29.540992159931896,3.6069805439991214,2.5016819760816134,30.35383284590353
Life & Earth Sciences,2016,OpenAlex,84,174,1753,1977,923,11393,1993,969,11634,43164,0.19460661662496526,0.4031137058659994,4.0612547493281435,4.580205726994717,2.1383560374386064,26.394680752478916,4.617273653970902,2.2449263274951345,26.95301640255769
Life & Earth Sciences,2016,PubMed,155,369,3796,2658,1888,24038,2721,1964,24604,80812,0.1918031975449191,0.45661535415532345,4.697322179874276,3.2891154778993217,2.3362866900955304,29.74558233925655,3.3670741969014504,2.4303321288917488,30.44597337029154
Life & Earth Sciences,2017,OpenAlex,124,217,2354,2373,1191,13931,2405,1238,14246,51283,0.2417955267827545,0.4231421718698204,4.590215081021001,4.627264395608681,2.3224070354698436,27.164947448472205,4.689663241230037,2.4140553399762106,27.77918608505743
Life & Earth Sciences,2017,PubMed,172,468,3648,2234,1781,20400,2306,1920,21184,74705,0.230238939829998,0.626464092095576,4.883207281975771,2.9904290208152067,2.384043906030386,27.30740914262767,3.0868081119068336,2.570109095776722,28.356870356736497
Life & Earth Sciences,2018,OpenAlex,185,288,3319,3301,1522,19295,3345,1592,19753,68642,0.26951429154162176,0.41956819439993004,4.835232073657528,4.809009061507532,2.217301360682964,28.109612190786983,4.873109757874188,2.3192797412662802,28.77684216660354
Life & Earth Sciences,2018,PubMed,180,534,4294,2454,2110,23599,2536,2263,24492,84550,0.21289178001182735,0.631578947368421,5.078651685393258,2.902424600827912,2.495564754583087,27.911295091661735,2.9994086339444115,2.67652276759314,28.967474866942638
Life & Earth Sciences,2019,OpenAlex,180,332,3812,3829,1847,22995,3878,1915,23519,78690,0.2287457110179184,0.42190875587749394,4.84432583555725,4.865929597153387,2.347185156944974,29.222264582539076,4.9281992629304865,2.433600203329521,29.88816876350235
Life & Earth Sciences,2019,PubMed,178,562,4781,2628,2359,26903,2705,2511,27897,94257,0.1888453907932567,0.5962421889090466,5.072302322373935,2.7881218371049363,2.5027318925915316,28.54217723882576,2.8698133825604466,2.6639931251790316,29.596740825615075
Life & Earth Sciences,2020,OpenAlex,230,427,4759,4590,2275,29158,4645,2379,29789,96273,0.2389039502248813,0.4435303771566275,4.943234344000914,4.767691876226979,2.3630716815721957,30.286788611552563,4.8248210817155375,2.4710978155869245,30.94221640543039
Life & Earth Sciences,2020,PubMed,200,591,5823,2834,2757,31283,2908,2928,32506,107566,0.18593235780822936,0.5494301173233178,5.413420597586598,2.63466151014261,2.5630775523864417,29.082609746574196,2.7034564825316547,2.722049718312478,30.219586114571516
Life & Earth Sciences,2021,OpenAlex,189,355,4063,3790,1952,24997,3831,2037,25528,77956,0.242444455846888,0.45538508902457797,5.211914413258762,4.861716865924367,2.5039766021858485,32.065524141823595,4.91431063676946,2.613012468572015,32.74667761301247
Life & Earth Sciences,2021,PubMed,215,588,6652,3297,2851,35757,3389,3057,37169,120443,0.1785076758300607,0.4881977366887241,5.52294446335611,2.737394452147489,2.3670948083325722,29.68790216118828,2.8137791320375616,2.5381300698255607,30.86024094384896
Life & Earth Sciences,2022,OpenAlex,290,472,6446,5374,2802,39241,5434,2932,40060,117350,0.24712398806987645,0.4022155943757989,5.492969748615254,4.5794631444397105,2.387729015764806,33.439284192586285,4.630592245419685,2.4985087345547505,34.13719642096294
Life & Earth Sciences,2022,PubMed,220,630,7207,3366,3017,38617,3433,3229,40151,128506,0.1711982319891678,0.4902494825144352,5.608298445208784,2.6193329494342676,2.347750299596906,30.050736930571336,2.6714705928127866,2.5127231413319224,31.244455511804897
Life & Earth Sciences,2023,OpenAlex,362,514,7084,5546,3139,44130,5626,3267,44983,125310,0.2888835687495013,0.41018274678796585,5.653180113318969,4.425823956587663,2.504987630675924,35.21666267656213,4.489665629239486,2.6071343069188413,35.89737451121219
Life & Earth Sciences,2023,PubMed,279,630,7616,3427,3155,41263,3522,3350,42871,133522,0.20895432962358262,0.4718323572145414,5.703928940549123,2.566618235197196,2.3629064873204415,30.903521517053367,2.6377675589041507,2.508949835982085,32.10781743832477
Life & Earth Sciences,2024,OpenAlex,334,500,6913,4452,3208,41758,4517,3343,42601,111731,0.2989322569385399,0.4475033786505088,6.187181713221935,3.9845700835041304,2.8711816774216645,37.37369217137589,4.042745522728697,2.9920075896573017,38.12818286778065
Life & Earth Sciences,2024,PubMed,184,616,7985,2790,3394,43560,2855,3590,45250,131608,0.13980913014406418,0.46805665309099753,6.067260348914959,2.1199319190322776,2.5788705853747493,33.09829189714911,2.1693210139201264,2.727797702267339,34.38240836423317
Life & Earth Sciences,2025,OpenAlex,224,351,5606,2611,2164,35105,2652,2268,35756,81666,0.27428795337104794,0.42979942693409745,6.864545833027208,3.197168956481277,2.649817549531017,42.98606519236892,3.2473734479465137,2.77716552788186,43.78321455685353
Life & Earth Sciences,2025,PubMed,154,512,7075,1862,2789,39353,1915,2994,40812,105690,0.1457091493991863,0.48443561358690507,6.694105402592488,1.7617560790992526,2.638849465417731,37.23436465133882,1.8119027344119596,2.8328129435140506,38.61481691739994
Medical & Health Sciences,2010,OpenAlex,152,155,879,1741,838,6156,1774,876,6332,28409,0.5350417121334788,0.545601745925587,3.0940899010876834,6.128339610686754,2.9497694392622056,21.669189341405893,6.244499982399944,3.0835298672955753,22.288711323876235
Medical & Health Sciences,2010,PubMed,531,896,6423,5478,4461,38502,5602,4665,39675,138527,0.38331877540118536,0.6468053159311903,4.636641232395129,3.9544637507489515,3.220310841929732,27.79385968078425,4.043976986435857,3.367574552253352,28.64062601514506
Medical & Health Sciences,2011,OpenAlex,166,190,950,1620,1008,6852,1648,1052,7037,27695,0.5993861707889511,0.6860444123487994,3.4302220617439967,5.849431305289763,3.639646145513631,24.740927965336702,5.950532587109587,3.7985195883733525,25.408918577360534
Medical & Health Sciences,2011,PubMed,688,1210,8558,7104,5784,50644,7251,6005,52102,181374,0.3793266951161688,0.6671297980967504,4.718427117447925,3.9167686658506726,3.188990704290582,27.92241445852217,3.9978166661153196,3.3108383781578397,28.726278297881723
Medical & Health Sciences,2012,OpenAlex,184,245,1434,2188,1414,9449,2233,1467,9737,36659,0.501923129381598,0.6683215581439755,3.911726997463106,5.968520690689871,3.8571701355738015,25.775389399601735,6.0912736299408055,4.001745819580458,26.561008210807714
Medical & Health Sciences,2012,PubMed,639,1322,9370,7565,6557,56093,7707,6809,57764,197512,0.32352464660375063,0.6693264206731743,4.744015553485357,3.830147029041273,3.3197982907367654,28.39979343027259,3.902041394953218,3.4473854753128927,29.245817975616674
Medical & Health Sciences,2013,OpenAlex,268,350,1667,2899,1839,12128,2968,1926,12440,49465,0.5417972303649046,0.7075710098049126,3.3700596381279695,5.860709592641262,3.717780248660669,24.518346305468512,6.000202163145659,3.893662185383605,25.149095319923177
Medical & Health Sciences,2013,PubMed,672,1429,9710,7660,6789,59412,7827,7088,61063,204642,0.3283783387574398,0.6982926281017582,4.744871531748126,3.7431221352410553,3.317500806286099,29.03216348550151,3.8247280616882167,3.463609620703472,29.83893824337135
Medical & Health Sciences,2014,OpenAlex,358,388,1936,3546,2035,14263,3620,2137,14580,67719,0.5286551780150327,0.5729558912565159,2.8588726945170486,5.236344305143313,3.005065048213943,21.06203576544249,5.345619397805637,3.1556874732349858,21.53014663536083
Medical & Health Sciences,2014,PubMed,714,1684,10636,8027,7720,63251,8188,8057,65090,213089,0.3350712613039622,0.7902801176973001,4.991341645978911,3.7669706085250763,3.6228993519139894,29.682902449211362,3.8425258929367536,3.781049232949613,30.545922126435432
Medical & Health Sciences,2015,OpenAlex,387,441,2039,3520,2191,14172,3615,2283,14525,56929,0.6797941295297651,0.7746491243478719,3.5816543413725874,6.18314040295807,3.8486535860457765,24.894166417818685,6.350014930878814,4.01025839203218,25.514237032092606
Medical & Health Sciences,2015,PubMed,712,1920,10717,8266,8432,65012,8440,8735,66835,218379,0.32603867588000673,0.879205418103389,4.907523159278136,3.785162492730528,3.8611771278373834,29.770261792571628,3.864840483746148,3.999926732881825,30.605049020281257
Medical & Health Sciences,2016,OpenAlex,370,581,2869,4005,3319,19261,4077,3415,19651,69126,0.5352544628649134,0.8404941700662558,4.150392037728206,5.793767902091832,4.801377195266614,27.863611376327285,5.897925527297978,4.940254028874809,28.427798512860576
Medical & Health Sciences,2016,PubMed,797,2117,11069,8490,8686,66438,8634,9053,68406,221449,0.35990227998320157,0.9559763196040624,4.998442079214628,3.8338398457432636,3.922347809202119,30.00149018509905,3.8988661046109936,4.088074455066404,30.890182389624698
Medical & Health Sciences,2017,OpenAlex,518,567,2701,5126,2728,19069,5225,2880,19594,82641,0.6268075168499897,0.686100119795259,3.268353480717803,6.202732299947968,3.3010249149937687,23.074502970680413,6.322527558959838,3.484952989436236,23.709780859379727
Medical & Health Sciences,2017,PubMed,797,2251,10818,8009,8409,63592,8195,8868,65892,221140,0.3604051731934521,1.017907208103464,4.8919236682644485,3.6216876187030835,3.802568508637062,28.7564438817039,3.705797232522384,4.010129329836302,29.796508998824272
Medical & Health Sciences,2018,OpenAlex,878,841,3785,7415,4340,27745,7616,4552,28477,118024,0.7439164915610385,0.7125669355385346,3.2069748525723583,6.282620483969362,3.677218192909917,23.507930590388394,6.452924828848369,3.856842676065885,24.12814342845523
Medical & Health Sciences,2018,PubMed,855,2538,11926,8260,9274,68088,8461,9796,70640,231758,0.36891930375650467,1.0951078279929927,5.145884931695993,3.5640625134838926,4.0015878632021336,29.37892111599168,3.650790911209106,4.22682280654821,30.480069727905835
Medical & Health Sciences,2019,OpenAlex,869,764,3777,7873,4258,27608,8066,4422,28326,115754,0.7507299963716156,0.6600203880643434,3.2629541959673105,6.801492820982428,3.678490592117767,23.850579677592133,6.968225720061509,3.8201703612834113,24.47086061820758
Medical & Health Sciences,2019,PubMed,825,2355,12492,8215,9320,69832,8373,9797,72583,234228,0.35222091295660635,1.0054306060761309,5.333265023822942,3.507266424167905,3.9790289803097836,29.81368581040695,3.574722065679594,4.182676708164694,30.988182454702258
Medical & Health Sciences,2020,OpenAlex,1114,1031,5010,9772,5848,35057,10036,6068,35859,137833,0.8082244455246567,0.7480066457234479,3.6348334578801884,7.089739032017006,4.24281558117432,25.434402501577996,7.281275166324465,4.402429026430536,26.01626606110293
Medical & Health Sciences,2020,PubMed,1015,2539,14562,10013,10907,81207,10248,11562,84422,267688,0.37917276829742086,0.9484922745883266,5.439915125070978,3.7405486984848033,4.074519589970413,30.33643644840262,3.8283374674994772,4.319207435521951,31.537461522369327
Medical & Health Sciences,2021,OpenAlex,852,812,3572,7401,4312,26665,7588,4495,27230,114448,0.7444428910946456,0.7094925206207187,3.1210680833216835,6.466692296938348,3.7676499370893333,23.298790717181603,6.630085278903956,3.92754788200755,23.79246470012582
Medical & Health Sciences,2021,PubMed,1066,2561,16577,11575,11921,93765,11818,12601,97245,304545,0.35003037317966146,0.8409266282486989,5.443202154033066,3.800751941420808,3.914364051289629,30.78855341575137,3.8805431052882167,4.137647966638756,31.93124168842043
Medical & Health Sciences,2022,OpenAlex,1409,1049,5894,11031,6349,41350,11348,6566,42249,153892,0.9155771580069139,0.6816468692329686,3.82995867231565,7.168013931848309,4.125620565071609,26.869492891118448,7.374002547240923,4.266628544693681,27.453668806695603
Medical & Health Sciences,2022,PubMed,1234,2430,17938,12141,11297,96654,12409,11934,100228,308365,0.4001751171501305,0.7880271755873721,5.8171322945211035,3.9372172587680185,3.6635156389343795,31.344024127251796,4.024127251795761,3.8700890178846494,32.503040228300875
Medical & Health Sciences,2023,OpenAlex,1592,1247,6766,11900,7283,48280,12259,7546,49241,169877,0.9371486428415853,0.7340605261453875,3.9828817320767382,7.005068372999287,4.287219576517127,28.4205631133114,7.216397746604897,4.44203747417249,28.986266534021677
Medical & Health Sciences,2023,PubMed,1035,2073,15555,9662,9770,85116,9906,10374,88154,264166,0.39179909602295526,0.7847338415996002,5.888342935881226,3.6575486625833755,3.6984320465162055,32.22064913728489,3.7499148262834736,3.9270761566590706,33.37068358532135
Medical & Health Sciences,2024,OpenAlex,1277,1230,7330,9997,6915,49706,10261,7145,50635,159076,0.8027609444542231,0.7732153184641304,4.607860393774045,6.284417511126756,4.346978802584927,31.246699690713875,6.450375920943448,4.491563780834317,31.830697276773368
Medical & Health Sciences,2024,PubMed,966,1929,16027,8477,9852,87947,8725,10341,91024,255005,0.37881610164506574,0.7564557557694948,6.284974804415599,3.3242485441461933,3.8634536577714167,34.488343365816355,3.421501539185506,4.055214603635223,35.69498637281622
Medical & Health Sciences,2025,OpenAlex,989,1178,7162,7902,6601,50135,8085,6831,50880,135806,0.7282447020013844,0.8674138108772809,5.27369924745593,5.818594171097006,4.860609987776682,36.91663107668292,5.953345213024462,5.029969220800259,37.465207722781024
Medical & Health Sciences,2025,PubMed,887,1715,16297,7390,9017,91825,7563,9494,94563,238304,0.37221364307774946,0.7196689942258628,6.838743789445415,3.101080972203572,3.783822344568283,38.532714515912446,3.173677319726064,3.983986840338391,39.681667114274205
Multidisciplinary & General Science,2010,OpenAlex,952,397,3329,6125,2351,21760,6286,2440,22289,83782,1.136282256331909,0.47384879807118474,3.9734071757656775,7.310639516841326,2.8060920006684014,25.97216585901506,7.502804898426869,2.912320068749851,26.60356639851042
Multidisciplinary & General Science,2010,PubMed,205,286,2781,2436,1449,18683,2490,1513,19129,69154,0.296439829944761,0.41356971397171527,4.021459351592099,3.52257280851433,2.0953234809266275,27.01651386759985,3.600659397865633,2.187870549787431,27.661451253723573
Multidisciplinary & General Science,2011,OpenAlex,933,411,2942,5394,2239,17806,5560,2334,18276,74598,1.2507037722190943,0.5509531086624306,3.943805463953457,7.230756856752192,3.001420949623314,23.869272634655083,7.453282929837261,3.1287702083165767,24.499316335558593
Multidisciplinary & General Science,2011,PubMed,236,387,3802,3402,1935,25077,3467,2009,25662,95226,0.24783147459727387,0.4064016130048516,3.9926070610967592,3.572553714321719,2.032008065024258,26.33419444269422,3.6408123831726633,2.109717934177641,26.94852246235272
Multidisciplinary & General Science,2012,OpenAlex,1190,473,3487,6759,2849,26097,6958,2943,26622,88628,1.342690797490635,0.5336913842126642,3.9344225301259197,7.626258067427901,3.2145597328158146,29.445547682447987,7.85079207473936,3.3206210227016295,30.037911269576206
Multidisciplinary & General Science,2012,PubMed,257,363,3703,3507,1929,25529,3588,2001,26135,96615,0.2660042436474668,0.375718056202453,3.832738187652021,3.6298711380220463,1.9965843813072506,26.423433214304197,3.7137090513895354,2.071106970967241,27.05066501060912
Multidisciplinary & General Science,2013,OpenAlex,1363,579,4594,8100,3287,27723,8354,3428,28510,107751,1.264953457508515,0.5373500013920984,4.263533517090329,7.517331625692569,3.0505517350187006,25.728763538157416,7.753060296424163,3.181408989243719,26.459151191172243
Multidisciplinary & General Science,2013,PubMed,295,575,5106,4379,2891,33798,4455,2978,34587,115807,0.2547341697824829,0.4965157546607718,4.4090599013876535,3.781291286364382,2.496394863868333,29.184764306130027,3.846917716545632,2.571519856312658,29.866070272090635
Multidisciplinary & General Science,2014,OpenAlex,1600,2915,5354,9249,5942,34595,9533,6109,35466,132005,1.2120753001780236,2.2082496875118367,4.055906973220711,7.006552782091588,4.501344646036135,26.2073406310367,7.221696147873187,4.627855005492216,26.867164122571115
Multidisciplinary & General Science,2014,PubMed,375,662,5796,4703,3231,37302,4803,3341,38203,126823,0.2956876907185605,0.5219873366818322,4.5701489477460715,3.70831789186504,2.5476451432311173,29.412645971156653,3.787167942723323,2.6343801991752285,30.123084929389783
Multidisciplinary & General Science,2015,OpenAlex,1421,643,5103,8156,3233,29782,8437,3417,30606,112175,1.266770670826833,0.5732114998885669,4.549141965678627,7.270782259861823,2.8821038555827947,26.549587697793626,7.521283708491197,3.0461332739023845,27.28415422331179
Multidisciplinary & General Science,2015,PubMed,336,663,5916,4760,3192,39094,4848,3314,39990,128683,0.2611067506974503,0.5152195705726476,4.5973438604943935,3.699012301547213,2.480514131625778,30.380081285018225,3.7673974029203547,2.575320749438543,31.076365953544755
Multidisciplinary & General Science,2016,OpenAlex,1481,741,5865,8638,3632,36902,8908,3785,37853,128163,1.155559716922981,0.5781699866576157,4.576203740549144,6.739854716259764,2.833891216653792,28.79302138682771,6.950523942167395,2.9532704446681177,29.53504521585793
Multidisciplinary & General Science,2016,PubMed,332,675,6333,5109,3419,41576,5198,3546,42584,137940,0.2406843555168914,0.489343192692475,4.59112657677251,3.7037842540234887,2.4786138900971437,30.14064085834421,3.7683050601710892,2.570682905611135,30.871393359431636
Multidisciplinary & General Science,2017,OpenAlex,1746,924,7103,10376,4194,39553,10696,4401,40721,148661,1.1744842292194995,0.6215483549821406,4.777984811080243,6.9796382373319155,2.8211837670942614,26.60617108723875,7.1948930788841725,2.9604267427233775,27.391851258904488
Multidisciplinary & General Science,2017,PubMed,344,755,6359,4675,3406,38940,4759,3581,40160,137047,0.25100877801046356,0.5509058935985465,4.640014009792261,3.41123848022941,2.485278772975694,28.413609929440263,3.4725313213715006,2.612972192021715,29.303815479361095
Multidisciplinary & General Science,2018,OpenAlex,2105,1170,9501,13504,5599,54105,13871,5845,55518,193958,1.0852865053258953,0.6032233782571484,4.898483176770228,6.962332051268831,2.88670743150579,27.895214427865827,7.151548273337527,3.013539013600883,28.623722661607154
Multidisciplinary & General Science,2018,PubMed,413,759,6509,4847,3220,38978,4949,3390,40341,140392,0.29417630634224173,0.5406290956749673,4.636304062909567,3.4524759245541055,2.293577981651376,27.76369023876004,3.525129637016354,2.4146675024217905,28.73454327881931
Multidisciplinary & General Science,2019,OpenAlex,2326,1298,10515,15093,6236,61196,15481,6489,62691,214495,1.0844075619478308,0.6051423110095807,4.90221217277792,7.0365276579873655,2.907293876314133,28.530268770833818,7.217417655423203,3.025245343714306,29.22725471456211
Multidisciplinary & General Science,2019,PubMed,378,813,7146,4866,3572,42527,4962,3758,44063,149587,0.25269575564721536,0.5434964268285346,4.7771530948545,3.2529564734903436,2.3879080401371775,28.42960952489187,3.3171331733372558,2.512250396090569,29.456436722442458
Multidisciplinary & General Science,2020,OpenAlex,2647,1438,12487,17281,7374,71079,17741,7684,72833,243103,1.0888388872206431,0.5915188212403796,5.136505925471919,7.108509561790681,3.033282189030987,29.238224127221795,7.2977297688634035,3.1608001546669517,29.95972900375561
Multidisciplinary & General Science,2020,PubMed,484,897,8029,5674,4137,48403,5822,4388,50156,170433,0.2839825620625114,0.5263065251447783,4.710942129751867,3.3291674734353087,2.4273468166376233,28.400016428743257,3.4160051163800436,2.5746187651452477,29.428573104973804
Multidisciplinary & General Science,2021,OpenAlex,2007,1081,10471,13320,5726,59028,13696,5947,60456,195193,1.028213101904269,0.5538108436265645,5.364434175405881,6.8240152054633105,2.933506836823042,30.24083855466128,7.0166450641160285,3.0467281101269,30.972422166778525
Multidisciplinary & General Science,2021,PubMed,508,1023,9504,6076,4744,56082,6218,5019,58102,188796,0.26907349731985847,0.5418547003114472,5.034004957732155,3.2182885230619296,2.5127651009555287,29.70507849742579,3.2935019809741735,2.658424966630649,30.775016419839403
Multidisciplinary & General Science,2022,OpenAlex,2671,1541,15465,19647,8668,89846,20039,8929,91668,283817,0.941099370368935,0.5429554959709955,5.448933643862066,6.922418318846299,3.054080622372867,31.656313751466612,7.06053548589408,3.146041287167435,32.29827670646931
Multidisciplinary & General Science,2022,PubMed,539,976,9830,6246,4911,58721,6399,5184,60720,193685,0.2782869091566203,0.5039109894932493,5.075251051965821,3.2248238118594625,2.5355603170095775,30.317784030771616,3.3038180550894496,2.676510829439554,31.349872215194775
Multidisciplinary & General Science,2023,OpenAlex,3136,1826,18892,22299,10952,107872,22761,11284,110096,318659,0.9841240950357593,0.5730263384997756,5.928594516395269,6.997762498470152,3.436902770673353,33.85186045270964,7.142745066042385,3.541089377673312,34.54978519357683
Multidisciplinary & General Science,2023,PubMed,511,905,10027,5932,4620,58246,6072,4881,60269,187893,0.27196329826018,0.4816571133570703,5.336547928874412,3.1571160181592712,2.4588462582427235,30.999558259222006,3.2316265108332938,2.5977551052992927,32.07623487836162
Multidisciplinary & General Science,2024,OpenAlex,3228,1890,20596,20106,10570,110063,20518,10931,112293,304213,1.061098638125261,0.6212752249246416,6.7702563664274695,6.609185011817378,3.474539220874848,36.17958469887875,6.744616436509945,3.5932060760059565,36.91262372087978
Multidisciplinary & General Science,2024,PubMed,521,945,10799,5610,4806,64743,5740,5083,66890,196192,0.26555618985483603,0.48167101614744734,5.504301908334693,2.859443810145164,2.4496411678355896,32.99981650627956,2.925705431414125,2.590829391616376,34.0941526667754
Multidisciplinary & General Science,2025,OpenAlex,1945,1239,16977,12991,7283,93491,13245,7537,95147,229286,0.8482855473077292,0.5403731584135097,7.404289838891167,5.6658496375705445,3.1763823347260627,40.77484015596242,5.776628315727955,3.287161012883473,41.49708224662648
Multidisciplinary & General Science,2025,PubMed,508,879,11234,4735,4740,67614,4861,5005,69693,182904,0.277741328784499,0.4805799763810524,6.1420198574115386,2.5887897476271706,2.591523422123081,36.96693347329747,2.6576783449241135,2.7364081704063334,38.10359532869702
Physical Sciences,2010,OpenAlex,189,49,1207,2406,289,8155,2461,302,8349,48476,0.38988365376681244,0.1010809472728773,2.4898919052727124,4.963280798745771,0.5961713012624804,16.822757653271722,5.076739004868388,0.6229886954369173,17.22295568941332
Physical Sciences,2010,PubMed,161,94,1886,1968,529,11324,2040,548,11699,55725,0.2889187976671153,0.1686855091969493,3.3844773441004934,3.531628532974428,0.9493046209062359,20.32122027815164,3.660834454912517,0.9834006280843428,20.99416778824585
Physical Sciences,2011,OpenAlex,163,61,1166,2250,314,7860,2300,325,8040,45999,0.3543555294680319,0.13261157851257635,2.534837713863345,4.891410682840931,0.6826235352942456,17.08732798539099,5.0001086980151745,0.706537098632579,17.47864084001826
Physical Sciences,2011,PubMed,202,99,2718,2754,701,16079,2836,724,16632,78157,0.2584541371854088,0.12666811673938355,3.4776155686630754,3.5236767020228514,0.8969126245889683,20.572693424773213,3.6285937280090073,0.9263405709021585,21.280243612216438
Physical Sciences,2012,OpenAlex,208,57,1204,2572,307,8681,2623,324,8861,51449,0.40428385391358435,0.11078932535131879,2.3401815389997864,4.999125347431437,0.5967074189974538,16.873019883768393,5.098252638535248,0.629749849365391,17.22288091119361
Physical Sciences,2012,PubMed,203,121,2595,2787,692,16508,2870,728,17000,75088,0.2703494566375453,0.16114425740464522,3.4559450245045817,3.71164500319625,0.9215853398678883,21.984871084594076,3.822181973151502,0.9695290858725761,22.640102279991474
Physical Sciences,2013,OpenAlex,199,62,1432,2905,317,9851,2958,329,10088,57272,0.34746472971085346,0.10825534292498952,2.500349210783629,5.072286632211203,0.5534990920519626,17.20037714764632,5.164827489872887,0.5744517390697025,17.614191926246683
Physical Sciences,2013,PubMed,178,138,2658,2658,646,16093,2717,673,16629,71907,0.24754196392562616,0.19191455630188994,3.696441236597271,3.696441236597271,0.8983826331233399,22.380296772219673,3.778491662842282,0.9359311332693618,23.12570403437774
Physical Sciences,2014,OpenAlex,185,62,1542,3027,378,11593,3084,390,11866,61249,0.3020457476856765,0.10122614246763212,2.517592123953044,4.942121504024556,0.617152933109112,18.927655961729986,5.035184247906088,0.6367450897157505,19.373377524531012
Physical Sciences,2014,PubMed,187,78,2800,2623,622,17040,2708,641,17587,74011,0.2526651443704314,0.10538973936306764,3.7832214130331976,3.544067773709313,0.8404156138952318,23.023604599316318,3.658915566604964,0.8660874734836713,23.762683925362445
Physical Sciences,2015,OpenAlex,208,64,1427,2954,375,11091,3009,389,11351,54846,0.3792437005433395,0.11669036939795062,2.6018305801699304,5.385989862524158,0.6837326331911169,20.222076359260473,5.486270648725522,0.7092586514969187,20.696130984939646
Physical Sciences,2015,PubMed,178,95,2699,2646,615,16703,2737,646,17213,74314,0.23952418117716714,0.1278359393923083,3.6318863202088436,3.5605673224426084,0.8275695023817854,22.476249428102378,3.683020695965767,0.8692843878676965,23.16252657641898
Physical Sciences,2016,OpenAlex,183,67,1397,3037,292,10730,3095,309,10928,56572,0.3234815809941314,0.11843314713992788,2.4694195008131232,5.368380117372552,0.5161564024605811,18.96698013151382,5.470904334299654,0.5462066039736972,19.316976596195996
Physical Sciences,2016,PubMed,173,96,2541,2601,518,16567,2666,551,17076,70818,0.2442881753226581,0.13555875624841143,3.5880708294501398,3.6727950521053967,0.7314524555903866,23.393769945494082,3.764579626648592,0.778050778050778,24.11251376768618
Physical Sciences,2017,OpenAlex,213,67,1679,3392,427,12869,3451,449,13152,63976,0.332937351506815,0.10472677253970239,2.6244216581217956,5.3019882455920975,0.6674377891709391,20.115355758409404,5.394210328873327,0.7018256846317369,20.557709140927848
Physical Sciences,2017,PubMed,219,85,2244,2028,431,13135,2113,468,13627,58440,0.3747433264887064,0.14544832306639288,3.8398357289527723,3.470225872689938,0.7375085557837098,22.476043805612594,3.6156741957563314,0.8008213552361396,23.317932922655714
Physical Sciences,2018,OpenAlex,307,102,2338,4590,574,17860,4667,606,18236,83339,0.3683749505033658,0.12239167736593912,2.805409232172212,5.507625481467261,0.6887531647847946,21.43054272309483,5.600019198694488,0.7271505537623442,21.881712043581036
Physical Sciences,2018,PubMed,179,85,2424,2161,495,14611,2233,528,15121,62756,0.28523169099368983,0.1354452163936516,3.862578876920135,3.4434954426668365,0.7887692013512653,23.282235961501687,3.5582255083179297,0.8413538147746829,24.0949072598636
Physical Sciences,2019,OpenAlex,339,88,2482,4539,576,18036,4642,596,18452,87502,0.3874197161207744,0.10056912984846061,2.8365065941349914,5.187310004342758,0.6582706680990149,20.612100294850404,5.305021599506297,0.6811272885191195,21.08751799958858
Physical Sciences,2019,PubMed,177,67,2503,2188,437,15414,2254,469,16041,65075,0.2719938532462543,0.10295812524010756,3.846331156358048,3.3622742988859007,0.6715328467153284,23.68651555897042,3.463695735689589,0.720706876680753,24.650019208605457
Physical Sciences,2020,OpenAlex,327,101,3001,4965,786,21583,5044,807,22074,95314,0.34307656797532365,0.10596554546026818,3.1485406131313343,5.209098348616153,0.8246427597205027,22.6441026501878,5.291982290114778,0.846675199865707,23.159242084059006
Physical Sciences,2020,PubMed,165,92,2686,2016,530,15953,2098,575,16577,65560,0.25167785234899326,0.1403294691885296,4.097010372178158,3.0750457596095178,0.8084197681513118,24.333435021354486,3.2001220256253813,0.8770591824283099,25.285234899328856
Physical Sciences,2021,OpenAlex,263,103,2775,4089,696,19123,4155,715,19529,78890,0.3333755862593485,0.13056154138674103,3.517556090759285,5.183166434275574,0.8822410951958423,24.240081125617948,5.266827227785524,0.9063252630244644,24.75472176448219
Physical Sciences,2021,PubMed,156,79,2652,1931,491,15646,2006,528,16332,61296,0.2545027407987471,0.12888279822500653,4.3265465935786995,3.1502871312973113,0.8010310623858001,25.525319759853826,3.2726442182197863,0.8613938919342208,26.644479248238056
Physical Sciences,2022,OpenAlex,279,106,2921,4901,827,22475,4963,844,22925,92422,0.3018761766678929,0.11469130726450413,3.1605029105624203,5.302849970786176,0.8948085953560841,24.317803120469154,5.369933565601264,0.913202484256995,24.804700179610915
Physical Sciences,2022,PubMed,144,89,2665,1731,507,15771,1800,539,16398,60053,0.23978818710139377,0.14820242119461144,4.437746657119544,2.8824538324480042,0.8442542420861572,26.261802074833895,2.997352338767422,0.8975405058864669,27.305879806171212
Physical Sciences,2023,OpenAlex,336,154,3088,4991,836,25232,5088,873,25742,96913,0.34670271274235653,0.1589054100069134,3.186363026632134,5.149979878860421,0.8626293686089587,26.035722761652202,5.250069650098542,0.900807941143087,26.561967950636138
Physical Sciences,2023,PubMed,152,84,2678,1789,510,16298,1855,551,16920,60273,0.25218588754500354,0.13936588522223883,4.443117150299471,2.9681615316974432,0.8461500174207357,27.040299968476766,3.077663298657774,0.9141738423506379,28.07227116619382
Physical Sciences,2024,OpenAlex,331,125,2952,4408,920,25092,4501,947,25535,91349,0.3623466047794721,0.1368378416840907,3.231562469211486,4.8254496491477745,1.0071265147949073,27.46828098829763,4.9272570033607375,1.0366834885986709,27.953234299226043
Physical Sciences,2024,PubMed,163,74,3114,1704,580,18691,1778,614,19460,65850,0.24753227031131358,0.11237661351556569,4.728929384965832,2.5876993166287017,0.8807896735003796,28.384206529992404,2.7000759301442674,0.932422171602126,29.55201214882308
Physical Sciences,2025,OpenAlex,188,60,2328,2565,600,18585,2625,610,18922,63227,0.29734132569946387,0.09489616777642464,3.681971309725276,4.056811172442153,0.9489616777642463,29.394087968747527,4.151707340218577,0.9647777057269837,29.92708811109178
Physical Sciences,2025,PubMed,115,84,3178,1370,577,19583,1430,630,20320,63903,0.1799602522573275,0.13144922773578707,4.973162449337277,2.1438743095003368,0.9029310048041562,30.64488365178474,2.237766615025899,0.9858692080184028,31.798194137990393
"Social Sciences, Arts & Humanities",2010,OpenAlex,990,352,1962,4473,1866,10293,4652,1960,10616,38645,2.5617803079311683,0.9108552205977487,5.07698279208177,11.574589209470824,4.828567731918747,26.63475223185406,12.037779790399792,5.071807478328374,27.470565403027557
"Social Sciences, Arts & Humanities",2010,PubMed,58,32,296,410,117,1361,414,121,1398,5254,1.1039208222306813,0.6090597639893415,5.633802816901409,7.803578226113437,2.2268747620860294,25.904073087171682,7.879710696612105,2.3030072325846973,26.608298439284354
"Social Sciences, Arts & Humanities",2011,OpenAlex,802,324,1985,4122,1751,9895,4217,1826,10182,34651,2.3145075178205534,0.9350379498427174,5.728550402585784,11.895760584110127,5.053245216588266,28.55617442498052,12.169922945946727,5.269689186459265,29.38443334968688
"Social Sciences, Arts & Humanities",2011,PubMed,60,38,398,507,150,1888,516,154,1930,6940,0.8645533141210375,0.547550432276657,5.734870317002882,7.305475504322767,2.161383285302594,27.204610951008647,7.435158501440922,2.219020172910663,27.80979827089337
"Social Sciences, Arts & Humanities",2012,OpenAlex,1059,382,2344,5157,2215,12483,5286,2306,12792,44130,2.399728076138681,0.8656242918649445,5.311579424427827,11.68592794017675,5.019261273510084,28.286879673691367,11.978246091094494,5.225470201676863,28.987083616587356
"Social Sciences, Arts & Humanities",2012,PubMed,86,77,500,699,233,2498,723,240,2575,9759,0.8812378317450558,0.7890152679577825,5.123475765959627,7.162619120811558,2.3875397069371864,25.596884926734297,7.408545957577621,2.459268367660621,26.38590019469208
"Social Sciences, Arts & Humanities",2013,OpenAlex,1232,532,3147,6456,2703,15958,6637,2802,16402,55462,2.221340737802459,0.9592153185965167,5.674155277487289,11.640402437705095,4.873607154448091,28.772853485269195,11.96675201038549,5.052107749450074,29.57340160830839
"Social Sciences, Arts & Humanities",2013,PubMed,114,101,620,783,258,2841,800,273,2927,10809,1.054676658340272,0.9344065130909428,5.735960773429549,7.243963363863447,2.3868998057174577,26.283652511795726,7.401239707651032,2.5256730502359144,27.079285780368213
"Social Sciences, Arts & Humanities",2014,OpenAlex,1512,608,3857,7361,2993,18905,7583,3126,19500,67270,2.247658688865765,0.903820425152371,5.733610822060354,10.94247064070165,4.449234428422774,28.10316634458154,11.272484019622416,4.646945146424855,28.98766166195927
"Social Sciences, Arts & Humanities",2014,PubMed,107,85,759,1012,315,3948,1037,320,4034,14594,0.7331780183637111,0.5824311360833219,5.200767438673427,6.934356584897904,2.1584212690146636,27.05221323831712,7.1056598602165275,2.1926819240783884,27.641496505413183
"Social Sciences, Arts & Humanities",2015,OpenAlex,1433,607,3756,7044,3033,18666,7244,3153,19172,65241,2.1964715439677502,0.9303965297895496,5.7571159240354985,10.796891525267853,4.648917092012692,28.610842874879296,11.103447218773471,4.832850508116062,29.386428779448508
"Social Sciences, Arts & Humanities",2015,PubMed,129,95,806,1050,302,4249,1082,309,4319,15594,0.8272412466333204,0.6092086700012825,5.168654610747724,6.733358984224703,1.9366422983198666,27.24765935616263,6.938566115172502,1.981531358214698,27.69654995511094
"Social Sciences, Arts & Humanities",2016,OpenAlex,1625,751,4345,7955,3403,20597,8206,3563,21170,71434,2.2748271131394016,1.0513200996724248,6.082537727132737,11.136153652322424,4.763837948315928,28.833608645742924,11.487526947951956,4.987820925609654,29.635747683176078
"Social Sciences, Arts & Humanities",2016,PubMed,141,114,894,1138,374,4506,1161,388,4615,16690,0.8448172558418214,0.683043738765728,5.3565008987417615,6.818454164170163,2.2408627920910726,26.998202516476933,6.956261234272019,2.324745356500899,27.651288196524863
"Social Sciences, Arts & Humanities",2017,OpenAlex,1850,908,4821,9040,4026,23585,9267,4205,24251,81826,2.260895070026642,1.109671742477941,5.8917703419451035,11.047833207049104,4.9201965145552755,28.823356879231536,11.32525114266859,5.138953388898394,29.637279104441134
"Social Sciences, Arts & Humanities",2017,PubMed,147,112,930,1098,410,4551,1119,420,4643,17003,0.8645533141210375,0.6587072869493619,5.469623007704523,6.457683938128565,2.4113391754396285,26.765864847379873,6.5811915544315704,2.470152326060107,27.30694583308828
"Social Sciences, Arts & Humanities",2018,OpenAlex,2345,1245,6513,11954,5223,33960,12255,5452,34816,108746,2.1564011549850113,1.1448696963566476,5.989185809133209,10.992588233130414,4.802935280378129,31.22873485001747,11.269380023173266,5.013517738583488,32.015890239640996
"Social Sciences, Arts & Humanities",2018,PubMed,153,147,1033,1161,411,4951,1184,426,5072,17626,0.8680358561216385,0.8339952343129466,5.8606603880630885,6.586860319981845,2.331782593895382,28.089186429138774,6.717349370248496,2.416884148417111,28.775672302280718
"Social Sciences, Arts & Humanities",2019,OpenAlex,2744,1488,7451,13626,6084,35532,13981,6308,36483,118436,2.3168631159444764,1.2563747509203282,6.291161471174306,11.504947819919618,5.136951602553277,30.001013205444288,11.804687763855584,5.32608328548752,30.803978520044584
"Social Sciences, Arts & Humanities",2019,PubMed,150,168,1070,1176,456,5188,1219,481,5338,18723,0.8011536612722321,0.8972921006248998,5.714896117075255,6.281044704374299,2.435507130267585,27.70923463120226,6.510708753939006,2.5690327404796243,28.5103882924745
"Social Sciences, Arts & Humanities",2020,OpenAlex,2828,1603,8849,15357,6748,41199,15728,7017,42352,137167,2.0617203846406205,1.1686484358482725,6.451260142745705,11.195841565391094,4.919550620776135,30.03564997411914,11.466314784168203,5.115661930347678,30.876231163472262
"Social Sciences, Arts & Humanities",2020,PubMed,187,196,1318,1416,687,6505,1450,711,6735,23053,0.81117425063983,0.8502147225957576,5.717260226434737,6.142367587732616,2.980089359302477,28.217585563701036,6.289853815121677,3.084197284518284,29.215286513685857
"Social Sciences, Arts & Humanities",2021,OpenAlex,2057,1240,7400,11641,5235,33700,11902,5462,34539,110337,1.8642884979653247,1.123829721670881,6.706725758358484,10.55040466933123,4.744555316892792,30.5427916292812,10.786952699457117,4.950288661101896,31.303189319992384
"Social Sciences, Arts & Humanities",2021,PubMed,220,249,1620,1696,863,7902,1750,904,8142,27274,0.806629023978881,0.9129573953215517,5.939722812935396,6.218376475764464,3.164185671335338,28.972647943095993,6.4163672361956445,3.3145119894404926,29.85260687834568
"Social Sciences, Arts & Humanities",2022,OpenAlex,2831,1506,10357,16826,7590,47450,17124,7825,48510,149510,1.8935188281720285,1.0072904822419906,6.927295833054645,11.254096715938733,5.076583506119992,31.737007558022874,11.453414487325263,5.23376362785098,32.4459902347669
"Social Sciences, Arts & Humanities",2022,PubMed,288,289,1848,1812,892,8559,1874,919,8784,29116,0.9891468608325319,0.992581398543756,6.34702569034208,6.223382332738014,3.06360763841187,29.39620827036681,6.4363236708339056,3.1563401566149194,30.168979255392227
"Social Sciences, Arts & Humanities",2023,OpenAlex,3658,1802,12640,19784,9108,59683,20139,9348,60992,173111,2.1130950661714163,1.040950603947756,7.301673492730099,11.428505409823755,5.261364095869125,34.47672302742171,11.633576144785716,5.400003465984253,35.23288525859131
"Social Sciences, Arts & Humanities",2023,PubMed,214,237,1372,1400,723,7122,1458,752,7349,25291,0.8461508046340596,0.9370922462536079,5.424854691392195,5.535566011624689,2.858724447431893,28.160215096279305,5.764896603534854,2.9733897433869756,29.057767585307026
"Social Sciences, Arts & Humanities",2024,OpenAlex,3373,1716,13945,17058,8312,60356,17394,8563,61689,165864,2.033593787681474,1.0345825495586747,8.407490474123378,10.284329330053538,5.0113345873727875,36.388848695316646,10.48690493416293,5.162663386871172,37.19251917233396
"Social Sciences, Arts & Humanities",2024,PubMed,225,247,1416,1372,689,7122,1405,708,7340,23172,0.9709994821336096,1.0659416537200068,6.11082340756085,5.920939064388055,2.973416191955809,30.735370274469187,6.06335232176765,3.055411703780425,31.676160883825304
"Social Sciences, Arts & Humanities",2025,OpenAlex,2421,1209,11354,11619,6142,50254,11842,6344,51158,119316,2.029065674343759,1.0132756713265614,9.515907338496095,9.738006637835664,5.1476750812967245,42.118408260417716,9.92490529350632,5.316973415132924,42.876060209862885
"Social Sciences, Arts & Humanities",2025,PubMed,242,230,1471,1229,667,7841,1262,693,8072,23357,1.0360919638652224,0.9847155028471123,6.297897846470009,5.261805882604786,2.8556749582566257,33.57023590358351,5.40309115040459,2.9669906237958643,34.55923277818213
